singlish_news,transliterated_l1,transliterated_l2,man_written
mannarama hitapu randaguru rayappu joseph piyathuma (80) yapanaye paudgalika rohalaka prathikara labamin sitiya dee swargastha wei,මන්නරම හිටපු රඳගුරු රයප්පු ජොසෙප්හ් පියතුම ( 80 ) යපනයෙ පෞඩ්ගලික රොහලක ප්‍රතිකර ලබමින් සිටිය දී ස්වර්ගස්ත වෙඉ,මන්නාරම් හිටපු රදගුරු රයප්පු ජොසෙප්හ් පියතුම ( 80 ) යපනයෙ පෞද්ගලික රෝහලක ප්‍රතිකර ලබමින් සිටිය දී ස්වර්ගස්ත වෙයි,මන්නාරම් හිටපු රදගුරු රායප්පු ජෝෂප් ජෝශප් පියතුමා යාපනයේ පුද්ගලික රෝහලක ප්‍රතිකාර ලබමින් සිටියදී ස්වර්ග්ස්ත වෙයි
samaaja maadya osse saharan hashim ge mathawada ha anthawada pracharanaye niratha wu siwu denek tid athadanguwata,සමාජ මාධ්‍ය ඔස්සෙ සහරන් හශිම් ගෙ මතවඩ හා අන්තවඩ ප්‍රචරනයෙ නිරත වු සිවු ඩෙනෙක් tid අත්අඩංගුවට,සමාජ මාධ්‍ය ඔස්සේ සහරාන් හෂීම් ගේ මතවඩ හා අන්තයේ ප්‍රචරනයෙ නිරත වු සිවු දෙනෙක් tid අත්අඩංගුවට,සමාජ මාධ්‍ය ඔස්සේ සහරාන් හසීම් ගිය මත වාද හා අන්තවාද ප්‍රචාරණයේ නිරත වූ සිව් දෙනෙක් TID අත්අඩංගුවට
mannarama hitapu radaguru athiuthum rayappu  joseph himipanan (81)  swargastha wei.,මන්නරම හිටපු රඩගුරු අතිඋතුම් රයප්පු ජොසෙප්හ් හිමිපනන් ( 81 ) ස්වර්ගස්ත වෙඉ .,මන්නාරම් හිටපු රදගුරු අතිඋතුම් රයප්පු ජොසෙප්හ් හිමියන් ( 81 ) ස්වර්ගස්ත වෙයි .,මන්නාරම් හිටපු රදගුරු අති උතුම් අතිඋතුම් රා උතුම් රායප්පු ජෝශප් පියතුමන් (81)ස්වර්ගස්ථ  වෙයි
mannarama hitapu radaguru rayappu joseph piyathuman(80) swargastha wei: mannar bishop's house,මන්නරම හිටපු රඩගුරු රයප්පු ජොසෙප්හ් පියතුමන් ( 80 ) ස්වර්ගස්ත වෙඉ : මන්නර් බිශොප් ' ස් හොඋසෙ,මන්නාරම් හිටපු රදගුරු රයප්පු ජොසෙප්හ් පියතුමන් ( 80 ) ස්වර්ගස්ත වෙයි : Mannar Bishop House,මන්නාරම් හිටපු රදගුරු රායප්පු ජෝෂප් ජෝශප් පියතුමා ජෝෂප් පියතුමන් ස්වර්ගස්ථ වෙයි :Mannar Bishop House
zaharange anthawadi mathawada antharjalaya osse vikashaya kireema ha anthawadi deshana sadaha sahaya wime chodana matha 04k tid athadanguwata.,zඅහරඟෙ අන්තවඩි මතවඩ අන්තර්ජලය ඔස්සෙ විකශය කිරීම හා අන්තවඩි ඩෙශන සඩහ සහය විමෙ චොඩන මත 04ක් tid අත්අඩංගුවට .,zඅහරඟෙ අන්තෝනි මතවඩ අන්තර්ජාලය ඔස්සේ විකාශය කිරීම හා අන්තෝනි දේශන සඩහ සහය වීමේ චොඩන මත 04ක් tid අත්අඩංගුවට .,සහරාන්ගේ අන්තවාදී මත වාද අන්තර්ජාලය ඔස්සේ විකාශය කිරීම හා අන්තවාදී දේශන සඳහා සහාය වීමේ චෝදනා මත 04ක් TID අත්අඩංගුවට
zaharan hashim-ge anthawadi mathawada antharjalaya osse pracharaya kala 02-denek athulu 04-denek tid athadanguwata.: police spokesman,zඅහරන් හශිම් - ගෙ අන්තවඩි මතවඩ අන්තර්ජලය ඔස්සෙ ප්‍රචරය කල 02 - ඩෙනෙක් ඇතුළු 04 - ඩෙනෙක් tid අත්අඩංගුවට .: police spokesmen,අරන් හෂීම් - ගේ අන්තෝනි මතවඩ අන්තර්ජාලය ඔස්සේ ප්‍රචරය කල 02 - දෙනෙක් ඇතුළු 04 - දෙනෙක් tid අත්අඩංගුවට . : police spokesmen,සහරාන් හසීම්ගේ අන්තවාදී මත වාද අන්තර්ජාලය ඔස්සේ ප්‍රකාශය කළ 02-දෙනෙක් ඇතුළු ඇතුළු 04-දෙනෙක් TID අත්අඩංගුවට : police spokesmen
covid-19 asaditha marana 02 k wartha weemath samaga merata samastha marana 568 dakwa ihalata - saukya amathyanshaya,covid - 19 අසඩිත මරන 02 ක් වාර්තා වීමත් සමග මෙරට සමස්ත මරන 568 දක්වා ඉහලට - සෞඛ්‍ය අමත්යන්ශය,covid - 19 අසිත මරණ 02 ක් වාර්තා වීමත් සමග මෙරට සමස්ත මරණ 568 දක්වා ඉහලට - සෞඛ්‍ය අමත්යන්ශය,covid 19 ආසාදිත මරණ 02ක් වාර්තා වීමත් සමග මෙරට සමස්ත මරණ 568 දක්වා ඉහළට සෞඛ්‍ය අමාත්‍යාංශය
thawath covid-19 marana 02k wartha-wei; merata samastha marana 568 dakwa ihalata.: epid,තවත් covid - 19 මරන 02ක් වාර්තා - වෙඉ ; මෙරට සමස්ත මරන 568 දක්වා ඉහලට .: එපිඩ්,තවත් covid - 19 මරණ 02ක් වාර්තා - වෙයි ; මෙරට සමස්ත මරණ 568 දක්වා ඉහලට . : එපිඩ්,තවත් covid 19 මරණ 02ක් වාර්තා-වෙයි; මෙරට සමස්ත මරණ 568 දක්වා ඉහළට : EPID
update: thawath covid-19 asadithayin 88 deneku haduna ganne.ada meratin wartha wu asadithayin ganana 244 dakwa ihalata - yuda hamudapathi,update : තවත් covid - 19 අසඩිතයින් 88 ඩෙනෙකු හඳුනා ගන්නෙ . අඩ මෙරටින් වාර්තා වු අසඩිතයින් ගනන 244 දක්වා ඉහලට - යුඩ හමුඩපති,update : තවත් covid - 19 ආසාදිතයින් 88 දෙනෙකු හඳුනා ගැනේ . අද මෙරටින් වාර්තා වු ආසාදිතයින් ගණන 244 දක්වා ඉහලට - යුද හමුදාපති,update:තවත් covid 19 ආසාදිතයින් 88 දෙනෙකු හඳුනා ගැනේ අද මෙරටින් වාර්තා වූ ආසාධිතයිදිතයින් ගණන 244 දක්වා ඉහලට - යුද හමුදාපති
update - thawath covid-19 asadithayin 88k wartha wei.: army commander,update - තවත් covid - 19 අසඩිතයින් 88ක් වාර්තා වෙඉ .: army commander,update - තවත් covid - 19 ආසාදිතයින් 88ක් වාර්තා වෙයි . : army commander,Update - තවත් COVID-19 ආසාදිතයින් 88ක් වාර්තා වෙයි.: - Army Commander
ada meratin thawath covid-19 asadithayin 156 deneku haduna ganne - yuda hamudapathi,අඩ මෙරටින් තවත් covid - 19 අසඩිතයින් 156 ඩෙනෙකු හඳුනා ගන්නෙ - යුඩ හමුඩපති,අද මෙරටින් තවත් covid - 19 ආසාදිතයින් 156 දෙනෙකු හඳුනා ගැනේ - යුද හමුදාපති,අද මෙරටින් තවත් covid 19 ආසාදිතයින් 156 දෙනෙකු හඳුනා ගැනේ - යුද හමුදාපති
thawath covid-19 asadithayin 156k wartha wei.: army commander,තවත් covid - 19 අසඩිතයින් 156ක් වාර්තා වෙඉ .: army commander,තවත් covid - 19 ආසාදිතයින් 156ක් වාර්තා වෙයි . : army commander, තවත් Covid-19 ආසාදිතයින් 156 ක් වාර්තා වෙයි - Army Commander
"thawath covid-19 asadithayin 161k suwaya laba pitawa yai; suwaya labu mulu sankyawa 89,251.: epid","තවත් covid - 19 අසඩිතයින් 161ක් සුවය ලබ පිටව යඉ ; සුවය ලබු මුලු සන්ක්යව 89 , 251 .: එපිඩ්","තවත් covid - 19 ආසාදිතයින් 161ක් සුවය ලබ පිටව යයි ; සුවය ලබු මුලු සන්ක්යව 89,251 . : එපිඩ්","තවත් covid-19 ආසාදිතයින් 161 ක් සුවය ලබා පිටව යයි; සුවය ලැබූ මුළු සංඛ්‍යාව 89,251. : EPID"
"thawath covid-19 asadithayin 161 deneku suwaya labai.merata suwaya labaa rohalwalin pitawa giya samastha ganana 89,251 dakwa ihalata - saukya amathyanshaya","තවත් covid - 19 අසඩිතයින් 161 ඩෙනෙකු සුවය ලබඉ . මෙරට සුවය ලබා රොහල්වලින් පිටව ගිය සමස්ත ගනන 89 , 251 දක්වා ඉහලට - සෞඛ්‍ය අමත්යන්ශය","තවත් covid - 19 ආසාදිතයින් 161 දෙනෙකු සුවය ලබයි . මෙරට සුවය ලබා රෝහල්වලින් පිටව ගිය සමස්ත ගණන 89 , 251 දක්වා ඉහලට - සෞඛ්‍ය අමත්යන්ශය","තවත් covid-19 ආසාදිතයින් ආසාදිතයින් 161 දෙනෙකු සුවය ලබයි.මෙරට සුවය ලබන රෝහල් වලින් රෝහල්වලින් පිටව ගිය සමස්ත ගණන 89,251 දක්වා ඉහලට -සෞඛ්‍ය අමාත්‍යංශය"
"sanwidanathmaka aparadakaruweku wana ""podi lassi""-ge sahayakayeku(38), gini awiyak samaga ahangamadi stf athadanguwata.: police spokesman","සන්විඩනත්මක අපරඩකරුවෙකු වන "" පොඩි ලස්සි ""- ගෙ සහයකයෙකු ( 38 ), ගිනි අවියක් සමග අහඟමඩි ස්ට්f අත්අඩංගුවට .: police spokesmen","සන්විඩනත්මක අපරාධකරුවෙකු වන `` පොඩි ලස්සි `` - ගේ නායකයෙකු ( 38 ) , ගිනි අවියක් සමග අහිමි ස්ට්f අත්අඩංගුවට . : police spokesmen","සංවිධානාත්මක අපරාධ කරුවෙකු වන ""පොඩි ලැසී""-ගේ සහායකයෙකු (38), ගිනි අවියක් සමග අහංගම දී STF අත්අඩංගුවට.: police spokesman"
"sanwidanathmaka aparadakaruweku wana ""podi lassi""-ge sahayakayeku(38), gini awiyak samaga ahangamadi stf athadanguwata.: police spokesman","සන්විඩනත්මක අපරඩකරුවෙකු වන "" පොඩි ලස්සි ""- ගෙ සහයකයෙකු ( 38 ), ගිනි අවියක් සමග අහඟමඩි ස්ට්f අත්අඩංගුවට .: police spokesmen","සන්විඩනත්මක අපරාධකරුවෙකු වන `` පොඩි ලස්සි `` - ගේ නායකයෙකු ( 38 ) , ගිනි අවියක් සමග අහිමි ස්ට්f අත්අඩංගුවට . : police spokesmen","සංවිධානාත්මක අපරාධ කරුවෙකු වන ""පොඩි ලැසී""-ගේ සහායකයෙකු (38), ගිනි අවියක් සමග අහංගම දී STF අත්අඩංගුවට.: police spokesman"
(2/2)ennath thogaya cheena thanapathi wisin nila washayen janadhipathi gotabaya rajapaksa wetha baara dei, එන්නත් තොගය චීන තනපති විසින් නිල වශයෙන් ජනඩ්හිපති ගොටබය රජපක්ස වෙත බාර ඩෙඉ, එන්නත් තොගය චීන ජනපති විසින් නිල වශයෙන් ජනඩ්හිපති ගොටබය රාජපක්ෂ වෙත බාර දෙයි,එන්නත් තොගය චීන තානාතිපති විසින් නිල වශයෙන් ජනාධිපති ගෝඨාභය රාජපක්ෂ වෙත භාර දෙයි
"cheenaye nishpaditha sinopharm covid-19 ennath 600,000 k katunayaka guwan thotupala wetha(1/2)","චීනයෙ නිශ්පඩිත සිනොප්හර්ම් covid - 19 එන්නත් 600 , 000 ක් කටුනයක ගුවන් තොටුපල වෙත ","චීනයේ නිශ්චිත සිනොප්හර්ම් covid - 19 එන්නත් 600 , 000 ක් කටුනායක ගුවන් තොටුපල වෙත ",චීනය නිෂ්පාදිත sinopharm covid 19 එන්නත් 600000 ක් කටුනායක ගුවන්තොටුපල වෙත
2016.03.31 sidu-wu maha-banku bendumkara nikuthuwata adalawa hitapu mudal emathi ravi karunanayake athulu 06-dena heta(4/1) dakwa yali remand.: reporter,2016 . 03 . 31 සිදු - වු මහ - බන්කු බෙඳුම්කර නිකුතුවට අඩලව හිටපු මුඩල් එමති රවි කරුනනයකෙ ඇතුළු 06 - ඩෙන හෙට ( 4 / 1 ) දක්වා යලි remand .: reporter,2016 . 03 . 31 සිදු - වු මහ - බන්කු බැඳුම්කර නියුතුව අඩලව හිටපු මුදල් ඇමති රවී කරුනනයකෙ ඇතුළු 06 - දෙන හෙට ( 4 / 1 ) දක්වා යලි remand: reporter,2016.03.31සිදුවූ මහබැංකු මහ බැංකු බැදුම්කර බැඳුම්කර නිකුතුවට අදාළ අදාළව හිටපු මුදල් ඇමති රවි කරුණානායක ඇතුළු 06 හෙට දක්වා යළි remand: reporter
"chinaye nishpaditha sinopharm ennath mathra laksha 6k, china thanapathi wisin katunayakadi (bia) janadhipathi gotabaya rajapaksa wetha baara-dei: pmd","චිනයෙ නිශ්පඩිත සිනොප්හර්ම් එන්නත් මත්‍ර ලක්ශ 6ක් , චින තනපති විසින් කටුනයකඩි ( බිඅ ) ජනඩ්හිපති ගොටබය රජපක්ස වෙත බාර - ඩෙඉ : PMD","චීනයේ නිශ්චිත සිනොප්හර්ම් එන්නත් මත්‍ර ලක්ෂ 6ක් , චීන ජනපති විසින් කටුනයකඩි ( බිඅ ) ජනඩ්හිපති ගොටබය රාජපක්ෂ වෙත බාර - දෙයි : PMD","චීනයේ නිෂ්පාදිත sinopharm එන්නත් මාත්‍රා ලක්ෂ 6ක්, චීන තානාපති විසින් කටුනායක දී (BIA) ජනාධිපති ගෝඨාභය රාජපක්ෂ වෙත භාර-දෙයි:PMD"
chinaye nishpaditha sinopharm corona mardana ennath mathra laksha 6k diwainata warthakaru,චිනයෙ නිශ්පඩිත සිනොප්හර්ම් කොරෝනා මර්ඩන එන්නත් මත්‍ර ලක්ශ 6ක් ඩිවඉනට  වාර්තාකරු,චීනයේ නිශ්චිත සිනොප්හර්ම් කොරෝනා මර්දන එන්නත් මත්‍ර ලක්ෂ 6ක් දිවයිනට  වාර්තාකරු,චීනයේ නිෂ්පාදිත sinopharm කොරෝනා මර්ධන එන්නත් මාත්‍රා ලක්ෂ 6ක් දිවයිනටවාර්තාකරු
heroin 65g ha 485g laga thaba gath sekakaruwan siwu denekuta epa labaa deemata(1/2),හෙරොඉන් 65ග් හා 485ග් ළඟ  තබ ගත් සෙකකරුවන් සිවු ඩෙනෙකුට එප ලබා ඩීමට ,හෙරොයින් 65ග් හා 485ග් ළඟ තඹ ගත් සැකකරුවන් සිවු දෙනෙකුට අප ලබා දීමට ,හෙරොයින් 65g හා 485g ළඟ තබාගත් තබා ගත් සැකකරුවන් සිව් දෙනකුට ඇප ලබාදීමට
(2/2)colamba mahadhikaranaya laba dun niyogayak athhituwana lesa neethipathi abhiyachanadhikaranayen illai, කොලඹ මහඩ්හිකරනය ලබ ඩුන් නියොගයක් අත්හිටුවන ලෙස නීතිපති අබ්හියචනඩ්හිකරනයෙන් ඉල්ලඉ, කොළඹ මහඩ්හිකරනය ලබ දුන් නියෝගයක් අත්හිටුවන ලෙස නීතිපති අබ්හියචනඩ්හිකරනයෙන් ඉල්ලා,කොළඹ මහාධිකරණය ලබාදුන් නියෝගයක් අත්හිටුවන ලෙස නීතිපති අභියාචනාධිකරණයෙන් ඉල්ලයි
"(2/2)kerala, vizhinjam hidee indeeya weralarakshaka niladharin baarayata - indeeya maadya"," කෙරල , විzහින්ජම් හිඩී ඉඳීය වෙරලරක්ශක නිලඩ්හරින් බාරයට - ඉඳීය මාධ්‍ය"," කේරළ , විzහින්ජම් හිදී ඉඳීය වෙරලරක්ශක නිලඩ්හරින් බාරයට - ඉඳීය මාධ්‍ය","kerala,vizhinjam හිදි  ඉන්දීය වෙරළාරක්ෂක නිලධාරීන් භාරයට - ඉන්දීය මාධ්‍ය"
"heroin 300kg, ak-47 rifles 5 k ha pathorom 1,000 k samaga sri lanka deewara yathrawak ha ehi siti pudgalayin 6 deneku(1/2)","හෙරොඉන් 300ක්ග් , අක් - 47 රිfලෙස් 5 ක් හා පතොරොම් 1 , 000 ක් සමග ශ්‍රී ලංකාව ඩීවර යත්‍රවක් හා එහි සිටි පුඩ්ගලයින් 6 ඩෙනෙකු ","හෙරොයින් 300ක්ග් , අක් - 47 රිfලෙස් 5 ක් හා පතොරොම් 1 , 000 ක් සමග ශ්‍රී ලංකාව ධීවර යත්‍රවක් හා එහි සිටි පුද්ගලයින් 6 දෙනෙකු ","හෙරොයින් 300kg,AK-47 rifles 5ක් හා පතරොම් 1,000ක් සමඟ ශ්‍රී ලංකා ශ්‍රී ලංකා ධීවර යාත්‍රාවක හා ඇති සිටි පුද්ගලයින් 6 දෙනෙකු"
"""hiru sathpaththini seth shanthiya"" wenuwen aluth sahal ekres kireema anuradhapura ruwanweli maha seradun, kataragama kiri wehera saha (1/2)",""" හිරු සත්පත්තිනි සෙත් ශන්තිය "" වෙනුවෙන් අලුත් සහල් එක්‍රෙස් කිරීම අනුරඩ්හපුර රුවන්වෙලි මහ සෙරඩුන් , කටරගම කිරි වෙහෙර සහ ","`` හිරු සත්පත්තිනි සෙත් ශක්තිය `` වෙනුවෙන් අලුත් සහල් එක්රැස් කිරීම අනුරඩ්හපුර රුවන්වැලි මහ සෙරඩුන් , කිරීම කිරි වෙහෙර සහ ","""හිරු සත්පතිනි සෙත් ශාන්තිය"" වෙනුවෙන් අලුත් අලූත් සහල් එක්රැස් කිරීම  අනුරාධපුර රුවන්වැලි මහා මහ සෑ රදුන්, කතරගම කිරිවෙහෙර සහ"
(2/2) mahiyanganaya raja maha wiharasthanaya abhiyasin erambe; sajivee thorathuru sadaha hiru tv balanna, මහියඟනය රජ මහ විහරස්තනය අබ්හියසින් එරඹෙ ; සජිවී තොරතුරු සඩහ හිරු ට්ව් බලන්න, මහියංගනය රජ මහ විහරස්තනය අබ්හියසින් ඇරඹේ ; සජීවී තොරතුරු සඩහ හිරු ට්ව් බලන්න,මහියංගනය රජ මහා විහාරස්ථානය අබියසින් ඇරඹේ; සජීවී තොරතුරු සඳහා HIRU TV බලන්න
"sl - kodew 2 wana test tharagaye 2 wana dinaya: sri lankawa 136/3* (chandimal 34*, dhananjaya 23*, thirimanne 55)","ස්ල් - කොඩෙව් 2 වන test තරගයෙ 2 වන ඩිනය : ශ්‍රී ලංකාවව 136 / 3 * ( චඳිමල් 34 *, ඩ්හනන්ජය 23 *, තිරිමන්නෙ 55 )","ස්ල් - කොදෙව් 2 වන test තරගය 2 වන දිනය : ශ්‍රී ලංකාවව 136 / 3 * ( චඳිමල් 34 * , ඩ්හනන්ජය 23 * , තිරිමාන්න 55 )","SL-කොදෙව් 2 වන ටෙස්ට් තරගයේ 2 වන දිනය: ශ්‍රී ලංකාව 136/3* (චන්දිමාල්34*, ධනංජය 23*, තිරිමාන්න 55)"
yathurupedi anathuru awama kireeme aramunin ada sita dina 4 k divayina pura wedasatahanak kriyathmaka kere - police maadya prakashaka,යතුරුපෙඩි අනතුරු අවම කිරීමෙ අරමුනින් අඩ සිට ඩින 4 ක් ඩිවයින පුර වෙඩසටහනක් ක්‍රියත්මක කෙරෙ - police මාධ්‍ය ප්‍රකශක,යතුරුපැදි අනතුරු අවම කිරීමේ අරමුණින් අද සිට දින 4 ක් දිවයින පුර වැඩසටහනක් ක්‍රියත්මක කෙරේ - police මාධ්‍ය ප්‍රකශක,යතුරුපැදි අනතුරු අවම කිරීමේ අරමුණින් අද සිට දින 4ක් දිවයින පුරා වැඩසටහන ක්‍රියාත්මක කෙරේ - පොලිස් මාධ්‍ය ප්‍රකාශක
"yathuru-pedi anathuru welek-weeme aramunin, ada sita diwaina pura dina 04-ka wishesha meheyumak.: police spokesman","යතුරු - පෙඩි අනතුරු වෙලෙක් - වීමෙ අරමුනින් , අඩ සිට ඩිවඉන පුර ඩින 04 - ක විශේෂ මෙහෙයුමක් .: police spokesmen","යතුරු - පෙඩි අනතුරු වෙලෙක් - වීමේ අරමුණින් , අද සිට දිවයින පුර දින 04 - ක විශේෂ මෙහෙයුමක් . : police spokesmen","යතුරු-පැදි අනතුරු වැළැ-ක්වීමේ අරමුණින්,අද සිට දිවයින පුරා දින 04- කවිශේෂ මෙහෙයවීමක් - police spokesman"
"sl - kodew 2 wana test tharagaya: batahira indeeya kodewwan palamu inimata siyallan dawee 354 (k brathwaite 126, r cornwall 73, suranga lakmal 94/4)","ස්ල් - කොඩෙව් 2 වන test තරගය : බටහිර ඉඳීය කොඩෙව්වන් පලමු ඉනිමට සියල්ලන් ඩවී 354 ( ක් බ්‍රත්වඉටෙ 126 , ර් කොර්න්වල්ල් 73 , සුරඟ ලක්මල් 94 / 4 )","ස්ල් - කොදෙව් 2 වන test තරගය : බටහිර ඉඳීය කොඩෙව්වන් පළමු ඉනිමට සියල්ලන් ඩවී 354 ( ක් බ්‍රත්වඉටෙ 126 , ර් කොර්න්වල්ල් 73 , සුරඟ ලක්මාල් 94 / 4 )","SL කොදෙව් 2 වන  test  තරගය: ටෙස්ට් තරගය බටහිර ඉන්දීය කොදෙව්වන් පළමු ඉනිමට සියල්ලන් දැවී 354(K Brathwaite 126,R cornwall 73,සුරංග  ලක්මාල් 94/4)"
"2nd test, west indies vs sri lanka ' antigua l west indies palamu inima 354/10 (brathwaite 126, cornwall 73, lakmal 94/4, chameera 69/3)","2ඳ් test , වෙස්ට් ඉඳීස් ව්ස් ශ්‍රී ලංකාව ' අන්ටිගුඅ ල් වෙස්ට් ඉඳීස් පලමු ඉනිම 354 / 10 ( බ්‍රත්වඉටෙ 126 , කොර්න්වල්ල් 73 , ලක්මල් 94 / 4 , චමීර 69 / 3 )","2ඳ් test , වෙස්ට් ඉඳීස් ව්ස් ශ්‍රී ලංකාව ' අන්ටිගුඅ ල් වෙස්ට් ඉඳීස් පළමු ඉනිම 354 / 10 ( බ්‍රත්වඉටෙ 126 , කොර්න්වල්ල් 73 , ලක්මාල් 94 / 4 , චමීර 69 / 3 )","2nd test, west indies vs ශ්‍රී ලංකා 'ඇන්ටිගුවා l west indies පළමු ඉනිම 354/10 ( brathwaite 126,cornwall 73, ලක්මාල් 94/4,චමීර 69/3)"
update - thawath covid-19 asadithayin 23k wartha wei.: army commander,update - තවත් covid - 19 අසඩිතයින් 23ක් වාර්තා වෙඉ .: army commander,update - තවත් covid - 19 ආසාදිතයින් 23ක් වාර්තා වෙයි . : army commander,update  - තවත් covid 19 ආසාදිතයින් 23ක් වාර්තා වෙයි Army Commander
thawath corona asadithain 102k handuna gene rajaye prauththi departhamenthuwa,තවත් කොරෝනා අසඩිතඉන් 102ක් හඳුන ගෙනෙ  රජයෙ ප්‍රෞත්ති දෙපාර්තමේන්තුව,තවත් කොරෝනා අසඩිතඉන් 102ක් හඳුන ගෙනෙ  රජයේ ප්‍රෞත්ති දෙපාර්තමේන්තුව,තවත්  කොරෝනා ආසාදිතයින්  102ක් හඳුනාගැනේ රජයේ ප්‍රවෘත්ති දෙපාර්තමේන්තුව
thawath covid-19 asadithayin 102k wartha wei.: army commander,තවත් covid - 19 අසඩිතයින් 102ක් වාර්තා වෙඉ .: army commander,තවත් covid - 19 ආසාදිතයින් 102ක් වාර්තා වෙයි . : army commander, තවත් covid 19 ආසාදිතයින් 23ක් වාර්තා වෙයි.: army Commander
2016 bendumkara siddiyata adalawa hitapu amathya ravi karunanayake athulu 08-dena 04/01 dakwa yali remand.: reporter,2016 බෙඳුම්කර සිඩ්ඩියට අඩලව හිටපු අමත්ය රවි කරුනනයකෙ ඇතුළු 08 - ඩෙන 04 / 01 දක්වා යලි remand .: reporter,2016 බැඳුම්කර සිද්ධියට අඩලව හිටපු අමාත්‍ය රවී කරුනනයකෙ ඇතුළු 08 - දෙන 04 / 01 දක්වා යලි remand . : reporter,2016 බැඳුම්කර සිද්ධියට අදාළව හිටපු අමාත්‍ය රවී කරුණානායක ඇතුළු 8-දෙනා 04/1 දක්වා යළි remand.: reporter
"thawath covid-19 asadithayin 176k suwaya laba pitawa yai; suwaya labu mulu sankyawa 89,090.: epid","තවත් covid - 19 අසඩිතයින් 176ක් සුවය ලබ පිටව යඉ ; සුවය ලබු මුලු සන්ක්යව 89 , 090 .: එපිඩ්","තවත් covid - 19 ආසාදිතයින් 176ක් සුවය ලබ පිටව යයි ; සුවය ලබු මුලු සන්ක්යව 89 , 090 . : EPID",තවත් covid 19 ආසාදිතයින් 176ක් සුවය ලබා පිටව යයි සුවය ලැබූ මුළු සංඛ්‍යාව 89090:EPID
(2/2)april 01 prakashayata path karana bawata colamba mahadhikaranaya niyoga karai, අප්‍රිල් 01 ප්‍රකශයට පත් කරන බවට කොලඹ මහඩ්හිකරනය නියොග කරඉ, අප්‍රිල් 01 ප්‍රකශයට පත් කරන බවට කොළඹ මහඩ්හිකරනය නියෝග කරයි,April 01 April 01 ප්‍රකාශයට පත්කරන බවට කොළඹ මහාධිකරණය නියෝග කරයි
hitapu amathya ravi karunanayake ethulu 8 dena epa matha mudaharinneda nedda yanna pilibanda niyogaya(1/2),හිටපු අමත්ය රවි කරුනනයකෙ එතුලු 8 ඩෙන එප මත මුඩහරින්නෙඩ නෙඩ්ඩ යන්න පිලිබඳ නියොගය ,හිටපු අමාත්‍ය රවී කරුනනයකෙ ඇතුළු 8 දෙන අප මත මුඩහරින්නෙඩ නෙඩ්ඩ යන්න පිලිබඳ නියෝගය ,හිටපු අමාත්‍ය රවී කරුණානායක ඇතුළු 08 දෙනා ඇප මත මුදා හරින්නෙ නැද්ද යන්න පිළිබඳ නියෝගය
"covid-19 asadithayin 176 deneku suwaya labai.merata suwaya labaa rohalwalin pitawa giya samastha ganana 89,090 dakwa ihalata - saukya amathyanshaya","covid - 19 අසඩිතයින් 176 ඩෙනෙකු සුවය ලබඉ . මෙරට සුවය ලබා රොහල්වලින් පිටව ගිය සමස්ත ගනන 89 , 090 දක්වා ඉහලට - සෞඛ්‍ය අමත්යන්ශය","covid - 19 ආසාදිතයින් 176 දෙනෙකු සුවය ලබයි . මෙරට සුවය ලබා රෝහල්වලින් පිටව ගිය සමස්ත ගණන 89 , 090 දක්වා ඉහලට - සෞඛ්‍ය අමත්යන්ශය",Covid-19 ආසාදිතයින් 176 දෙනෙකු සුවය ලබයි. මෙරට සුවය ලබා රෝහල් වලින් පිටව ගිය සමස්ත ගණන 89090 දක්වා  ඉහලට-සෞඛ්‍ය අමාත්‍යාංශය
"pudgalayin 9,102 denekuta eye dinaye oxford astra-zeneca ennath labaa deemath samaga me dakwa 903,467 denekuta ennathkaranaya sidu karai","පුඩ්ගලයින් 9 , 102 ඩෙනෙකුට එයෙ ඩිනයෙ oxford astra zeneca එන්නත් ලබා ඩීමත් සමග මේ දක්වා 903 , 467 ඩෙනෙකුට එන්නත්කරනය සිදු කරඉ","පුද්ගලයින් 9 , 102 දෙනෙකුට එයෙ දිනයේ oxford astra zeneca එන්නත් ලබා දීමත් සමග මේ දක්වා 903 , 467 දෙනෙකුට එන්නත්කරණ සිදු කරයි","පුද්ගලයින්  9,102 දෙනෙකු ඊයේ දිනයේ oxford  astra zeneca එන්නත ලබා දීමත් සමග මේ දක්වා 903,467 දෙනෙකුට එන්නත් කරන සිදු කරයි"
"swarnamahal jewellers hitapu adyakshawarun wana jeewaka, asanka, nalaka ha deepa edirisinghe, april 01 dakwa yali remand","ස්වර්නමහල් ජෙවෙල්ලෙර්ස් හිටපු අධ්‍යක්ෂවරුන් වන ජීවක , අසන්ක , නලක හා ඩීප එඩිරිසිඟ්හෙ , අප්‍රිල් 01 දක්වා යලි remand","ස්වර්නමහල් ජෙවෙල්ලෙර්ස් හිටපු අධ්‍යක්ෂවරුන් වන ජීවක , අසන්ත , නලක හා ඩීප එඩිරිසිඟ්හෙ , අප්‍රිල් 01 දක්වා යලි remand","සරණ මහල් ජුවලර්ස් හිටපු අධ්‍යක්ෂකවරුන් වන ජීවක,අසංක,නාලක හා දීපා එදිරිසිංහ අප්‍රේල් 1 දක්වා යළි remand"
"nawalapitiya dumriya sthanaya asannayedi dumriyak peelipeneema nisa, udarata maargaye gamanagamanayata badha: reporter","නවලපිටිය ඩුම්‍රිය ස්තනය අසන්නයෙඩි ඩුම්‍රියක් පීලිපෙනීම නිසා , උඩරට මාර්ගයෙ ගමනගමනයට බඩ්හ : reporter","නාවලපිටිය දුම්රිය ස්තනය ආසන්නයේදී දුම්රියක් පීලිපැනීමට නිසා , උඩරට මාර්ගයේ ගමනාගමනය බඩ්හ : reporter","නාවලපිටිය දුම්රිය ස්ථානය ආසන්නයේදී දුම්රියක් පීලි පැනීම නිසා, උඩරට මාර්ගයේ ගමනාගමනයට ගමනාගමනයට බාධා: reporter"
"ada(30) madya rathriye sita heta(31) madyama rathriya dakwa kriyathmaka wana paridi, siyaluma thepel sewakainge niwadu awalangu kere","අඩ ( 30 ) මඩ්ය රත්‍රියෙ සිට හෙට ( 31 ) මඩ්යම රත්‍රිය දක්වා ක්‍රියත්මක වන පරිදි , සියලුම තෙපෙල් සෙවකඉඟෙ නිවඩු අවලඟු කෙරෙ","අද ( 30 ) මඩ්ය රත්‍රියෙ සිට හෙට ( 31 ) මඩ්යම රත්‍රිය දක්වා ක්‍රියත්මක වන පරිදි , සියලුම තෙපෙල් සෙවකඉඟෙ නිවඩු අවලඟු කෙරේ","අද (30)මධ්‍යම රාත්‍රී සිට හෙට(31) මධ්‍යම රාත්‍රිය දක්වා ක්‍රියාත්මක වන පරිදි, සියලුම තැපැල්  සේවකයින්ගේ නිවාඩු අවලංගු කෙරේ"
"pannipitiyedi lorry ratha riyadurekta pahara dun police kosthapal april 5 thek remand.lorry ratha riyaduruge,riyaduru balapathraya thawakalikawa athhituwai","පන්නිපිටියෙඩි ලොර්ර්ය් රත රියඩුරෙක්ට පහර ඩුන් police කොස්තපල් අප්‍රිල් 5 තෙක් remand . ලොර්ර්ය් රත රියඩුරුගෙ , රියඩුරු බලපත්‍රය තවකලිකව අත්හිටුවඉ","පන්නිපිටියෙඩි ලොර්ර්ය් රථ රියඩුරෙක්ට පහර දුන් police කොස්තපල් අප්‍රිල් 5 තෙක් remand . ලොර්ර්ය් රථ රියදුරුගේ , රියදුරු බලපත්‍රය තාවකාලිකව අත්හිටුවන","පන්නිපිටියේ දී ලොරි රථ රියදුරෙකුට පහරදුන් පොලිස් කොස්තාපල් අප්‍රේල් 5 තෙක් remand ලොරි රථ රියදුරු ගේ,රියදුරු බලපත්‍රය තාවකාලිකව අත්හිටුවයි"
allas comisama pewaru naduwen hitapu agawinisuruwarayeku wu mohan peris ethulu sekakaruwan..(1/2),අල්ලස් කොමිසම පෙවරු නඩුවෙන් හිටපු අගවිනිසුරුවරයෙකු වු මොහන් පෙරිස් එතුලු සෙකකරුවන් ..,අල්ලස් කොමිසම පෙවරු අඩුවෙන් හිටපු අගවිනිසුරුවරයා වු මොහන් පෙරිස් ඇතුළු සැකකරුවන් .. ,අල්ලස් කොමිසම පැවරූ නඩුවෙන් හිටපු අගවිනිසුරුවරයෙකු වූ මොහාන් පීරිස් ඇතුළු සැකකරුවන්..
nidos kota nidahas kirimata colombo pradana mahesthrathwarayagen niyoga.(2/2),නිඩොස් කොට නිඩහස් කිරිමට කොලොඹො ප්‍රඩන මහෙස්ත්‍රත්වරයගෙන් නියොග .,නිදොස් කොට නිදහස් කිරිමට කොලොඹො ප්‍රඩන මහෙස්ත්‍රත් වරයගෙන් නියෝග . ,නිදොස් කොට නිදහස් කිරීමට කොළඹ ප්‍රධාන මහේස්ත්‍රාත් වරයාගේ නියෝග
colomba nagarika seemawe ratha wahana thada badayata wisadumak lesa kanu matha dumriya marga 4k idikirimata cabinet anumethiya.,කොලොඹ නගරික සීමවෙ රත වහන තඩ බඩයට විසඩුමක් ලෙස කනු මත ඩුම්‍රිය මර්ග 4ක් ඉඩිකිරිමට කබිනෙට් අනුමෙතිය .,කොලොඹ නාගරික සීමවෙ රථ වහන තද බලයට විසඳුම් ලෙස කණු මත දුම්රිය මර්ග 4ක් ඉදිකිරීමට කබිනෙට් අනුමැතිය .,කොළඹ නාගරික සීමාවේ රථ වාහන තදබදයට විසඳුමක් ලෙස කණු මත දුම්රිය මාර්ග 4ක් ඉදිකිරීමට ඉදි කිරීමට කැබිනට් අනුමැතිය
"(2/2) weliamuna para, balagala, galahaduwa, maradana para, elakanda ha hendala pare kotasakata jalaya ath-hituwai.: nws&db"," වෙලිඅමුන පර , බලගල , ගලහඩුව , මරඩන පර , එලකඳ හා හෙඳල පරෙ කොටසකට ජලය අත් - හිටුවඉ .: න්ව්ස් & ඩ්බ්"," වැලිඅමුණ පර , බලගල , ගලගහදුව , මරඩන පර , එලකඳ හා හෙඳල පරෙ කොටසකට ජලය අත් - හිටුවඉ . : න්ව්ස් & ඩ්බ්","වෙල් මුණ පාර,පාර බල්ගල ,ගලහා වඩුව, මරදාන පහර ,ඇල්ලකන්ද හා හින්දල පාරේ කොටසකට ජලය අත්හිටුවයි.:NWS&DB"
"heta 10pm sita peya 18k wanawasala, oliyamulla, ewariwatta para, wattala meegamu para, thelagapatha, meegahawatta, hekitta, palliyawatta, (1/2)","හෙට 10ප්ම් සිට පෙය 18ක් වනවසල , ඔලියමුල්ල , එවරිවට්ට පර , වට්ටල මීගමු පර , තෙලගපත , මීගහවට්ට , හෙකිට්ට , පල්ලියවට්ට , ","හෙට 10ප්ම් සිට පෙය 18ක් වනවිට , ඔලියමුල්ල , එවරිවට්ට පර , කට්ටල මීගමු පර , තෙලගපත , මීගහවත්ත , හෙකිට්ට , පල්ලියවත්ත , ","හෙට 10 pm  සිට පැය 18 වන වණවාසළ ,ඔලියමුල්ල ,ඇවරියවත්ත පාර, වත්තල, මීගමු පාර, තෙල් ගව පත්ත පාර, මීගමුවට, හකිට්ට ට"
"wisha pol-thel anayanaya kala bawa kiyana samagamakata ayath, pol-thel 55,000l athulath bowser 02k dankotuwedi police baarayata","විශ පොල් - තෙල් අනයනය කල බව කියන සමගමකට අයත් , පොල් - තෙල් 55 , 000ල් අතුලත් බොව්සෙර් 02ක් ඩන්කොටුවෙඩි police බාරයට","විෂ පොල් - තෙල් අපනයන කල බව කියන සමාගමක් අයත් , පොල් - තෙල් 55 , 000ල් ඇතුළත් බොව්සෙර් 02ක් ඩන්කොටුවෙඩි police බාරයට","විශ්ව පොල්-තෙල් ආනයනය කළ බව කියන සමාගමකට අයත්,පොල් තෙල් 55,000L ඊට ඇතුළත් bousar 02ක් දංකොටුවේ දී පොලිස් භාරයට"
"update: wanawasala, oliyamulla, ewariwatte paara, balagala, thelangapatha, meegaswaththa, hekiththa(1/2)","update : වනවසල , ඔලියමුල්ල , එවරිවට්ටෙ පාර , බලගල , තෙලඟපත , මීගස්වත්ත , හෙකිත්ත ","update : වනවිට , ඔලියමුල්ල , එවරිවට්ටෙ පාර , බලගල , තෙලඟපත , මීගහවත්ත , හේකිත්ත ","update වණවාසළ ඔලියමුල්ල, ඇවරියවත්ත පාර, බලගල, තලන්ගාත, මේගස්වත්‍ත ,හෙකිත්ත"
"(2/2)palliyawaththa, elakanda pradeshawala heta 10pm sita peya 18 k jalaya athhituwai"," පල්ලියවත්ත , එලකඳ ප්‍රඩෙශවල හෙට 10ප්ම් සිට පෙය 18 ක් ජලය අත්හිටුවඉ"," පල්ලියවත්ත , එලකඳ ප්‍රදේශවල හෙට 10ප්ම් සිට පෙය 18 ක් ජලය අත්හිටුවන","පලියවත්ත , එලකන්ඩ  ප්‍රදේශ වන හෙට  10 සිට පැය  18ක් ජලය අත්හිටුවයි"
"(2/2)palliyawaththa, elakanda pradeshawala heta 10am sita peya 18 k jalaya athhituwai"," පල්ලියවත්ත , එලකඳ ප්‍රඩෙශවල හෙට 10අම් සිට පෙය 18 ක් ජලය අත්හිටුවඉ"," පල්ලියවත්ත , එලකඳ ප්‍රදේශවල හෙට 10අම් සිට පෙය 18 ක් ජලය අත්හිටුවන","පලියවත්ත , එලකන්ඩ  ප්‍රදේශ වන හෙට  10 සිට පැය  18ක් ජලය අත්හිටුවයි"
"wanawasala, oliyamulla, ewariwatte paara, balagala, thelangapatha, meegaswaththa, hekiththa(1/2)","වනවසල , ඔලියමුල්ල , එවරිවට්ටෙ පාර , බලගල , තෙලඟපත , මීගස්වත්ත , හෙකිත්ත ","වනවිට , ඔලියමුල්ල , එවරිවට්ටෙ පාර , බලගල , තෙලඟපත , මීගහවත්ත , හේකිත්ත ","වණවාසළ, ඔලියමුල්ල, ඇවරියවත්ත පාර, බලගල, තලන්ගාත, මේගස්වත්‍ත, හෙකිත්ත"
covid-19 asadithayin haduna gatha haki pahasu rudira pareekshana kramawedayak; (1/2),covid - 19 අසඩිතයින් හඳුනා ගත හකි පහසු රුඩිර පරීක්ශන ක්‍රමවෙඩයක් ; ,covid - 19 ආසාදිතයින් හඳුනා ගත හකි පහසු රුධිර පරීක්ෂණ ක්‍රමවේදයක් ; ,Covid 19 ආසාදිතයින් හඳුනාගත හැකි පහසු රුධිර පරීක්ෂණ ක්‍රමවේදයක්;
(2/2) merata mahacharyawariyaka wana neelika malavige-da athulath oxford sarasawiye wisheshagngna kandayamak wisin soya gane, මෙරට මහචර්යවරියක වන නීලික මලවිගෙ - ද අතුලත් oxford සරසවියෙ විශෙශඥ්ඥ කඳයමක් විසින් සොය ගනෙ, මෙරට මහචර්යවරියක වන නීලික මලවිගෙ - ද ඇතුළත් oxford සරසවියේ විශෙශඥ්ඥ කුමක් විසින් සොය ගනෙ,මෙරට මහාචාර්යවරියක වන නාලිකා මලවිගේ දෙය ඇතුළත් ඔක්ස්ෆර්ඩ් සරසවියේ විශේෂඥ කණ්ඩායමක් විසින් සොයා ගැනේ
"sl - kodew 2 wana test tharagaya palamu dinaya: batahira indeeya kodewwan 287/7 (k. brathwaite 99, k. mayers 49, suranga lakmal 71/3)","ස්ල් - කොඩෙව් 2 වන test තරගය පලමු ඩිනය : බටහිර ඉඳීය කොඩෙව්වන් 287 / 7 ( ක් . බ්‍රත්වඉටෙ 99 , ක් . මයෙර්ස් 49 , සුරඟ ලක්මල් 71 / 3 )","ස්ල් - කොදෙව් 2 වන test තරගය පළමු දිනය : බටහිර ඉඳීය කොඩෙව්වන් 287 / 7 ( ක් . බ්‍රත්වඉටෙ 99 , ක් . මයෙර්ස් 49 , සුරඟ ලක්මාල් 71/3)","SL කොදෙව් දෙවන ටෙස්ට් තරඟය පළමු දිනය: බටහිර ඉන්දීය කොදෙව්වන් 287/7(k.brathwaite 99,k mayers 49, සුරංග ලක්මාල්  77/3)"
"siravee thibu ""ever given"" bahalum nawukawa muda geneemen pasu, suez ele nawuka gamana gamanaya yali aramba wei: foreign media","සිරවී තිබු "" ever ගිවෙන් "" බහලුම් නවුකව මුඩ ගෙනීමෙන් පසු , සුඑz එලෙ නවුක ගමන ගමනය යලි අරඹ වෙඉ : foreign media","සිරවී තිබු `` ever ගිවෙන් `` බහලුම් නවුකව මුඩ ගැනීමෙන් පසු , සුඑz ඇලේ නවුක ගමන ගමන් යලි අරඹ වෙයි : foreign media","සිරවී තිබූ බහළුම් E""ver given""  නෞකාව මුදා ගැනීමෙන් පසු සූවස් ඇලේ  නෞකා ගමනාගමනය යළි ආරම්භ වෙයි: foreign media"
(2/2) ginikona diga arabi muhudu pradesha wala deewara ha nawuka katayuthu wala noyedenna; ema pradesha wala sitina deewarainta yali paminena lesa upades, ගිනිකොන ඩිග අරබි මුහුඩු ප්‍රඩෙශ වල ඩීවර හා නවුක කටයුතු වල නොයෙඩෙන්න ; එම ප්‍රඩෙශ වල සිටින ඩීවරඉන්ට යලි පමිනෙන ලෙස උපඩෙස්, ගිනිකොණ දිග ඇරඹි මුහුදු ප්‍රදේශ වල ධීවර හා නවුක කටයුතු වල නොයෙඩෙන්න ; එම ප්‍රදේශ වල සිටින ධීවරයින්ට යලි පමිනෙන ලෙස උපදෙස්,ගිනිකොනදිග අරාබි මුහුදු ප්‍රදේශ වල ප්‍රදේශවල ධීවර හා නෞකා කටයුතු වල  එම ප්‍රදේශ වල සිටින ධීවරයින්ට යළි පැමිණෙන ලෙස උපදෙස්
"idiri peya 72-thula ginikona diga bengala bokka, andaman muhuda ha gemburu muhuda pradesha wala menma, idiri peya 24-thula (1/2)","ඉඩිරි පෙය 72 - තුළ ගිනිකොන ඩිග බෙඟල බොක්ක , අඳමන් මුහුඩ හා ගෙඹුරු මුහුඩ ප්‍රඩෙශ වල මෙන්ම , ඉඩිරි පෙය 24 - තුළ ","ඉඩිරි පෙය 72 - තුළ ගිනිකොණ දිග බෙඟල බොක්ක , අවමන් මුහුද හා ගෙඹුරු මුහුද ප්‍රදේශ වල මෙන්ම , ඉඩිරි පෙය 24 - තුළ ","ඉදිරි පැය 72 -තුළ ගිනිකොන දිග බෙංගාල බොක්ක,අන්දමන් මුහුදේ හා ගැඹුරු මුහුද ප්‍රදේශ ප්‍රදේශවල මෙන්ම, ඉදිරි පැය 24-තුල"
update: pannipitiye dee lorry ratha riyadurekuta pahara dun police kosthapalwaraya athadanguwata,update : පන්නිපිටියෙ දී ලොර්ර්ය් රත රියඩුරෙකුට පහර ඩුන් police කොස්තපල්වරය අත්අඩංගුවට,update : පන්නිපිටිය දී ලොර්ර්ය් රථ රියඩුරෙකුට පහර දුන් police කොස්තපල්වරය අත්අඩංගුවට,UPDATE: පන්නිපිටිය  ලොරි රථ රියදුරෙකුට පහරදුන් පොලිස් කොස්තාපල්වරයා අත්අඩංගුවට
update: pannipitiyedi lorry-ratha riyadurekuta pahara-dun maharagama police kosthapalvaraya athadanguwata: police spokesman- hirunews.lk,update : පන්නිපිටියෙඩි ලොර්ර්ය් - රත රියඩුරෙකුට පහර - ඩුන් මහරගම police කොස්තපල්වරය අත්අඩංගුවට : police spokesmen - හිරුනෙව්ස් . ල්ක්,update : පන්නිපිටියෙඩි ලොර්ර්ය් - රථ රියඩුරෙකුට පහර - දුන් මහරගම police කොස්තපල්වරය අත්අඩංගුවට : Police  Spokesman- Hiru news.lk,update පන්නිපිටියේ දී ලොරි-රථ රියදුරුට පහර-දුන්  මහරගම පොලිස් කොස්තාපල්වරයා අත්අඩංගුවට Police  Spokesman- Hiru news.lk
(2/2)cheena janadhipathi xi jinping ha janadhipathi gotabaya rajapaksa durakathana sanwadayaka niratha wemin ekagathwaya pala karai, චීන ජනඩ්හිපති xi jinping හා ජනඩ්හිපති ගොටබය රජපක්ස ඩුරකතන සන්වඩයක නිරත වෙමින් එකගත්වය පල කරඉ, චීන ජනඩ්හිපති xi jinping හා ජනඩ්හිපති ගොටබය රාජපක්ෂ දුරකථන සන්වඩයක නිරත වෙමින් එකඟතාවය පල කරයි,චීන ජනාධිපති xi jinping හා ජනාධිපති ගෝඨාභය රාජපක්ෂ දුරකථන සංවාදයක නිරත වෙමින් එකඟතාවය පළ කරයි
siyalu ksheshthrayakama anynonya prathilaba sahitha dweeparshawiya sahayogeethawaya shakthimath kara wardanaya kireemata(1/2),සියලු ක්ශෙශ්ත්‍රයකම අන්ය්නොන්ය ප්‍රතිලබ සහිත ඩ්වීපර්ශවිය සහයොගීතවය ශක්තිමත් කර වර්ඩනය කිරීමට ,සියලු ක්ශෙශ්ත්‍රයකම අන්ය්නොන්ය ප්‍රතිලබ සහිත ඩ්වීපර්ශවිය සහයොගීතවය ශක්තිමත් කර වර්ධනය කිරීමට ,සියලු ක්ෂේත්‍රයකම අන්‍යෝන්‍ය ප්‍රතිලාභ සහිත ද්විපාර්ශ්වීය සහයෝගීතාව ශක්තිමත් කර වර්ධනය කිරීමට
janadhipathi gotabaya rajapaksa saha china janadhipathi xi jinping athara durakathana sanwadayak; dweiparshaweeya sabandatha wardanayatath ekagatha.: pmd,ජනඩ්හිපති ගොටබය රජපක්ස සහ චින ජනඩ්හිපති xඉ ජින්පිඟ් අතර ඩුරකතන සන්වඩයක් ; ඩ්වෙඉපර්ශවීය සබඳත වර්ඩනයටත් එකගත .: PMD,ජනඩ්හිපති ගොටබය රාජපක්ෂ සහ චීන ජනඩ්හිපති xඉ ජින්පින් අතර දුරකථන සන්වඩයක් ; ඩ්වෙඉපර්ශවීය සබඳතා වර්ඩනයටත් එකග . : PMD,ජනාධිපති ගෝඨාභය රාජපක්ෂ සහ චීන ජනාධිපති අතර දුරකථන දුරකථන සංවාදයක් ද්විපාර්ශ්වීය සම්බන්ධතා වර්ධනයටත් එකගතා.:PMD
thawath corona marana 05k wartha wei.marana sankyawa 566k dakwa ihalata saukya sewa adyaksha genaral,තවත් කොරෝනා මරන 05ක් වාර්තා වෙඉ . මරන සන්ක්යව 566ක් දක්වා ඉහලට  සෞඛ්‍ය සෙව අධ්‍යක්ෂ ගෙනරල්,තවත් කොරෝනා මරණ 05ක් වාර්තා වෙයි . මරණ සන්ක්යව 566ක් දක්වා ඉහලට  සෞඛ්‍ය සෙව අධ්‍යක්ෂ ගෙනරල්,තවත් කොරෝනා මරණ 5 ක් වාර්ථාවෙයි මරණ සංඛ්‍යාව 560 හයක් දක්වා ඉහලට.: සෞඛ්‍ය සේවා අධ්‍යක්ෂ ජනරාල්
update - thawath covid-19 asadithayin 71k wartha wei.: army commander,update - තවත් covid - 19 අසඩිතයින් 71ක් වාර්තා වෙඉ .: army commander,update - තවත් covid - 19 ආසාදිතයින් 71ක් වාර්තා වෙයි . : army commander,තවත් covid 19 ආසාදිතයින් 71ක් වාර්තා වාර්තාවෙයි.: army commander
update: thawath covid-19 asadithayin 71 deneku haduna ganne.ada meratin wartha wu asadithayin ganana 166 dakwa ihalata - yuda hamudapathi,update : තවත් covid - 19 අසඩිතයින් 71 ඩෙනෙකු හඳුනා ගන්නෙ . අඩ මෙරටින් වාර්තා වු අසඩිතයින් ගනන 166 දක්වා ඉහලට - යුඩ හමුඩපති,update : තවත් covid - 19 ආසාදිතයින් 71 දෙනෙකු හඳුනා ගැනේ . අද මෙරටින් වාර්තා වු ආසාදිතයින් ගණන 166 දක්වා ඉහලට - යුද හමුදාපති,තවත් covid 19 ආසාදිතයින් 70 දෙනෙකු හඳුනා ගැනේ අද මෙරටින් වාර්තා වූ ආසාදිතයින් ගණන 166 දක්වා ඉහලට- යුද හමුදාපති
thawath covid-19 marana 05k wartha-wei; samastha marana 566 dakwa ihalata.: epid,තවත් covid - 19 මරන 05ක් වාර්තා - වෙඉ ; සමස්ත මරන 566 දක්වා ඉහලට .: එපිඩ්,තවත් covid - 19 මරණ 05ක් වාර්තා - වෙයි ; සමස්ත මරණ 566 දක්වා ඉහලට . : එපිඩ්,තවත් covid 19  මරණ 5ක් වාර්තා වේ සමස්ත මරණ 566 දක්වා ඉහලට EPID
antigua hi pawathwena batahira indeeya kodewwanta erehi 2 wana test tharagaye kasiye wasiya dinuu sri lankawa palamuwa pandu rakeemata theeranaya karai,අන්ටිගුඅ හි පවත්වෙන බටහිර ඉඳීය කොඩෙව්වන්ට එරෙහි 2 වන test තරගයෙ කසියෙ වසිය ඩිනූ ශ්‍රී ලංකාවව පලමුව පඳු රකීමට තීරනය කරඉ,අන්ටිගුඅ හි පැවැත්වෙන බටහිර ඉඳීය කොඩෙව්වන්ට එරෙහි 2 වන test තරගය කසියෙ වසිය දිනූ ශ්‍රී ලංකාවව පළමුව පඳු රැකීමට තීරණය කරයි,ඇන්ටිගුවා හි පවත්වන බටහිර ඉන්දීය කොදෙව්වන්ට එරෙහි 2 වන ටෙස්  තරගයේ කාසියේ වාසිය දිනූ ශ්‍රී ලංකාව පළමුව පන්දු  රැකීමට  තීරණය කරයි
lorry ratha riyadurekuta paharadeeme siddiyata sambanda maharagama policliye kosthapalwarayage weda thahanam kere,ලොර්ර්ය් රත රියඩුරෙකුට පහරඩීමෙ සිඩ්ඩියට සඹඳ මහරගම පොලික්ලියෙ කොස්තපල්වරයගෙ වෙඩ තහනම් කෙරෙ,ලොර්ර්ය් රථ රියඩුරෙකුට පහරදීම සිද්ධියට සඹඳ මහරගම පොලික්ලියෙ කොස්තපල්වරයගෙ වෙද තහනම් කෙරේ,ලොරි රථ රියදුරෙකුට පහර දීමේ සිද්ධියට සම්බන්ධ  මහරගම පොලිසියේ කොස්තාපල්වරයාගේ වැඩ තහනම් කෙරේ
"2nd test, west indies vs sri lanka ' antigua l kasiye wasiya dinu sri lanka kandayama palamuwa pandu rekeemata theeranaya karai","2ඳ් test , වෙස්ට් ඉඳීස් ව්ස් ශ්‍රී ලංකාව ' අන්ටිගුඅ ල් කසියෙ වසිය ඩිනු ශ්‍රී ලංකාව කඳයම පලමුව පඳු රෙකීමට තීරනය කරඉ","2nd Test, West Indies VS Sri Lanka 'Antigua'| කසියෙ වසිය දිනූ ශ්‍රී ලංකාව කඳයම පළමුව පඳු රැකීමට තීරණය කරයි","2nd Test, West Indies VS Sri Lanka 'Antigua'| කාසියේ වාසිය දිනූ ශ්‍රී ලංකා කණ්ඩායම පළමුව පඳුරැ කීමට තීරණය කරයි"
"update - maargayedi riyadurekuta paharadun, maharagama police-ye kosthapalvarayage weda thaham kere.: amathya sarath weerasekara","update - මාර්ගයෙඩි රියඩුරෙකුට පහරඩුන් , මහරගම police - යෙ කොස්තපල්වරයගෙ වෙඩ තහම් කෙරෙ .: අමත්ය සරත් වීරසෙකර","update - මාර්ගයෙන් රියඩුරෙකුට පහරදුන් , මහරගම police - යේ කොස්තපල්වරයගෙ වෙද තහම් කෙරේ . : අමාත්‍ය සරත් වීරසේකර","update මාර්ගයේදී රියදුරෙකුට පහරදුන්, මහරගම  පොලිසියේ කොස්තාපල්වරයාගේ වැඩ තහනම් කෙරෙයි.: අමාත්‍ය සරත් වීරසේකර"
"thawath covid-19 asadithayin 291k suwaya laba pitawa yai; suwaya labu mulu sankyawa 88,914.: epid","තවත් covid - 19 අසඩිතයින් 291ක් සුවය ලබ පිටව යඉ ; සුවය ලබු මුලු සන්ක්යව 88 , 914 .: එපිඩ්","තවත් covid - 19 ආසාදිතයින් 291ක් සුවය ලබ පිටව යයි ; සුවය ලබු මුලු සන්ක්යව 88 , 914 . : එපිඩ්",තවත් covid 19 ආසාදිතයින් 296 එකක් සුවය ලබා පිටව යයි සුවය ලැබූ මුළු සංඛ්‍යාව 88914  EPID
"covid-19 asadithayin 291 deneku suwaya labai.merata suwaya labaa rohalwalin pitawa giya samastha ganana 88,914 dakwa ihalata - saukya amathyanshaya","covid - 19 අසඩිතයින් 291 ඩෙනෙකු සුවය ලබඉ . මෙරට සුවය ලබා රොහල්වලින් පිටව ගිය සමස්ත ගනන 88 , 914 දක්වා ඉහලට - සෞඛ්‍ය අමත්යන්ශය","covid - 19 ආසාදිතයින් 291 දෙනෙකු සුවය ලබයි . මෙරට සුවය ලබා රෝහල්වලින් පිටව ගිය සමස්ත ගණන 88 , 914 දක්වා ඉහලට - සෞඛ්‍ය අමත්යන්ශය","Covid 19 ආසාදිතයින් 291 දෙනෙකු සුවය ලබයි. මෙරට සුවය ලබන රෝහල්වලින් පිව ගිය සමස්ත ගණන 88,914 දක්වා ඉහලට - සෞඛ්‍ය අමාත්‍යංශය"
thawath covid-19 asadithayin 95  deneku haduna ganne - yuda hamudapathi,තවත් covid - 19 අසඩිතයින් 95 ඩෙනෙකු හඳුනා ගන්නෙ - යුඩ හමුඩපති,තවත් covid - 19 ආසාදිතයින් 95 දෙනෙකු හඳුනා ගැනේ - යුද හමුදාපති,තවත් covid 19 ආසාදිතයින් 95 දෙනෙකු හඳුනා ගැනේ - යුද හමුදාපති
thawath covid-19 asadithayin 95k wartha wei.: army commander,තවත් covid - 19 අසඩිතයින් 95ක් වාර්තා වෙඉ .: army commander,තවත් covid - 19 ආසාදිතයින් 95ක් වාර්තා වෙයි . : army commander,තවත් covid 19 ආසාදිතයින් 95ක් වාර්තාවේ.: army commander
"april 21 praharaya siduwa wasara 2k gathawa ethath,wagakiwa yuththanta danduwam nodanne, (1/2)","අප්‍රිල් 21 ප්‍රහරය සිඩුව වසර 2ක් ගතව එතත් , වගකිව යුත්තන්ට ඩඳුවම් නොඩන්නෙ , ","අප්‍රිල් 21 ප්‍රහරය සිදුව වසර 2ක් ගතව ඇතත් , වගකිව යුත්තන්ට දඬුවම් නොඩන්නෙ , ","අප්‍රේල් 21 ප්‍රහාරය සිදු වූ වසර 2 ක් ගත ව ඇතත්, වගකිවයුත්තන්ට දඬුවම් නොදෙන්න"
"e pilibanda soyana ayathanawalata balapem karanawadei,sekayak ethei, agaradaguru padawi prakashaka kamituwa kiyai.(2/2)","ඒ පිලිබඳ සොයන අයතනවලට බලපෙම් කරනවඩෙඉ , සෙකයක් එතෙඉ , අගරඩගුරු පඩවි ප්‍රකශක කමිටුව කියඉ .","ඒ පිලිබඳ සොයන ආයතනවලට බලපෑම් කරනවඩෙඉ , සැකයක් එතෙඉ , අගරදගුරු පදවි ප්‍රකශක කමිටුව කියයි . ","ඒ පිළිබඳ සොයන ආයතන වලට බලපෑම් කරනවා දැයි, සැකයක් ඇතැයි, අදරදගුරු පදවි  විපාක්ෂික කමිටුවට කියයි"
(2/2)colamba disa adhikaranayen ranil wickremesinghe ethulu pirisakata april 12 thek balapawathwena paridi waarana niyogayak, කොලඹ ඩිස අඩ්හිකරනයෙන් රනිල් වික්ක්‍රෙමෙසිඟ්හෙ එතුලු පිරිසකට අප්‍රිල් 12 තෙක් බලපවත්වෙන පරිදි වාරන නියොගයක්, කොළඹ ඩිස අඩ්හිකරනයෙන් රනිල් වික්ක්‍රෙමෙසිඟ්හෙ ඇතුළු පිරිසකට අප්‍රිල් 12 තෙක් බලපැවැත්වෙන පරිදි වාරණ නියෝගයක්,කොළඹ දිසා අධිකරණ රනිල් වික්‍රමසිංහ ඇතුළු පිරිසකට අප්‍රේල් 12 තෙක් බලපැවැත්වෙන පරිදි වාරණ නියෝගයක්
kotte nagarika manthree dhammika chandraratne ge paksha samajikathwaya ha manthri duraya ahimi kireeme unpye theeranaya kriyathmaka weema walakwalamin(1/2),කොට්ටෙ නගරික මන්ත්‍රී ඩ්හම්මික චඳ්‍රරට්නෙ ගෙ පක්ශ සමජිකත්වය හා මන්ත්‍රි ඩුරය අහිමි කිරීමෙ උන්ප්යෙ තීරනය ක්‍රියත්මක වීම වලක්වලමින් ,කෝට්ටේ නාගරික මන්ත්‍රී ඩ්හම්මික චඳ්‍රරට්නෙ ගේ පක්ෂ සාමාජිකත්වය හා මන්ත්‍රී ධුරය අහිමි කිරීමේ උන්ප්යෙ තීරණය ක්‍රියත්මක වීම ලක්වෙමින් ,කෝට්ටේ නාගරික මන්ත්‍රී ධම්මික චන්ද්‍රරත්න ගේ පක්ෂ සාමාජිකත්වය හා මන්ත්‍රී ධුරය අහිමි කිරීමේ UNPයේ තීරණය ක්‍රියාත්මක වීම වළක්වමින්
youtube nalikawak ha web adawiyak haraha ltte thrasthawadaya pracharaya kireemata adalawa kanthawak ethulu pudgalayin 2 k yapanaye dee tid athadanguwata,යොඋටුබෙ නලිකවක් හා වෙබ් අඩවියක් හරහ ල්ට්ටෙ ත්‍රස්තවඩය ප්‍රචරය කිරීමට අඩලව කන්තවක් එතුලු පුඩ්ගලයින් 2 ක් යපනයෙ දී tid අත්අඩංගුවට,YouTube නාලිකාවක් හා වෙබ් අඩවියක් හරහ LTTE ත්‍රස්තවඩය ප්‍රචරය කිරීමට අඩලව කාන්තාවක් ඇතුළු පුද්ගලයින් 2 ක් යපනයෙ දී tid අත්අඩංගුවට,YouTube නාලිකාවක් හා වෙබ් අඩවියක් හරහා LTTE ත්‍රස්තවාදය ප්‍රචාරණය කිරීමට අදාළව  කාන්තාවක්  ඇතුළු පුද්ගලයින් 2ක් යාපනයේ දී යාපනයේදී TID අත්අඩංගුවට
ltteya prawardanaya wana lesa youtube nalikawak ha web adawiyak pawathwagena giya kanthawak ha thawath ayek yapanayedi tid athadanguwata.: police spokesman,ල්ට්ටෙය ප්‍රවර්ඩනය වන ලෙස යොඋටුබෙ නලිකවක් හා වෙබ් අඩවියක් පවත්වගෙන ගිය කන්තවක් හා තවත් අයෙක් යපනයෙඩි tid අත්අඩංගුවට .: police spokesmen,LTTE ප්‍රවර්ධනය වන ලෙස YouTube නාලිකාවක් හා වෙබ් අඩවියක් පවත්වාගෙන ගිය කාන්තාවක් හා තවත් අයෙක් යපනයෙඩි tid අත්අඩංගුවට . : police spokesmen,LTTE ය ප්‍රවර්ධනය වන ලෙස YouTube නාලිකාවක් හා වෙබ් අඩවියක් පවත්වාගෙන ගිය කාන්තාවක් හා තවත් අයෙකු යාපනයේ දී යාපනයේදී TID අත්අඩංගුවට police spokesman
..yapanayedi kanthawak ethulu sekakaruwan 02k tid athadanguwatapolice (2/2),.. යපනයෙඩි කන්තවක් එතුලු සෙකකරුවන් 02ක් tid අත්අඩංගුවට  police ,යපනයෙඩි කාන්තාවක් ඇතුළු සැකකරුවන් 02ක් tid අත්අඩංගුවට  police,යාපනයේ දී කාන්තාවක්  ඇතුළු සැකකරුවන් 2ක් TID අත්අඩංගුවට  police
ltte thrasthawadaya prawardhana wana lesa youtube nalikawak ha web adawiyak pawathwagena  yame chodana matha... (1/2),ල්ට්ටෙ ත්‍රස්තවඩය ප්‍රවර්ඩ්හන වන ලෙස යොඋටුබෙ නලිකවක් හා වෙබ් අඩවියක් පවත්වගෙන යමෙ චොඩන මත ... ,ල්ට්ටෙ ත්‍රස්තවඩය ප්‍රවර්ඩ්හන වන ලෙස යොඋටුබෙ නාලිකාවක් හා වෙබ් අඩවියක් පවත්වාගෙන යමෙ චොඩන මත ... ,LTTE ත්‍රස්තවාදය ප්‍රවර්ධනය වන ලෙස YouTube නාලිකාවක් හා වෙබ් අඩවියක් පවත්වාගෙන යෑමේ චෝදනා මත
kotte mahanagara sabha mantree dhammika chandrarathnage mantree duraya ha pakshayen nerapima walakwamin.. (1/2),කොට්ටෙ මහනගර සබ්හ මන්ට්‍රී ඩ්හම්මික චඳ්‍රරත්නගෙ මන්ට්‍රී ඩුරය හා පක්ශයෙන් නෙරපිම වලක්වමින් .. ,කෝට්ටේ මහනගර සබ්හ මන්ට්‍රී ඩ්හම්මික චඳ්‍රරත්නගෙ මන්ට්‍රී ධුරය හා කක්ෂයෙන් නෙරපිම දක්වමින් .. ,කෝට්ටේ මහ නගර සභා මන්ත්‍රී  ධම්මික චන්ද්‍රරතන ගේ මන්ත්‍රී ධුරය හා පක්ෂයෙන් නෙරපීම වළක්වමින්
"iye 07-am sita, 05-pm dakwa basnahira palathe kala meheyumakadi, adikaranaya magahera siti warenthu-karuwan 418k athulu 1,120k athadanguwata: police","ඉයෙ 07 - am සිට , 05 - ප්ම් දක්වා බස්නහිර පලතෙ කල මෙහෙයුමකඩි , අඩිකරනය මගහෙර සිටි වරෙන්තු - කරුවන් 418ක් ඇතුළු 1 , 120ක් අත්අඩංගුවට : police","ඉයෙ 07 - am සිට , 05 - ප්ම් දක්වා බස්නාහිර පලතෙ කල මෙහෙයුමක් , අධිකරණය මගහෙර සිටි වරෙන්තු - කරුවන් 418ක් ඇතුළු 1 , 120ක් අත්අඩංගුවට : police","ඊයෙ  7 am. සිට, 5 pm. දක්වා බස්නාහිර පළාතේ කළ මෙහෙයුමකදී, අධිකරණය මගහැර සිටි වරෙන්තුකරුවන් 488ක් ඇතුළු 1200ක් අත්අඩංගුවට: police"
"anayanika pol-thel wala, saampala pareekshanaye prathipala, sri lanka pramithi ayathanaya wisin regu adyaksha general-ta baara-dei","අනයනික පොල් - තෙල් වල , සාම්පල පරීක්ශනයෙ ප්‍රතිපල , ශ්‍රී ලංකාව ප්‍රමිති අයතනය විසින් රෙගු අධ්‍යක්ෂ general - ට බාර - ඩෙඉ","සායනික පොල් - තෙල් වල , සාම්පල පරීක්ෂණයේ ප්‍රතිඵල , ශ්‍රී ලංකාව ප්‍රමිති ඝාතනය විසින් රේගු අධ්‍යක්ෂ general - ට බාර - දෙයි","ආනයනික පොල්තෙල් වල, සාම්පල පරීක්ෂණයේ ප්‍රතිඵල, ශ්‍රී ලංකා ප්‍රමිති ආයතනය විසින් රේගු අධ්‍යක්ෂ ජනරාල්ට භාර දෙයි"
"suez ela awahira karamin siravee thibu ""ever given"" bahalum prawaahana naukawa muda gene: foreign media","suez එල අවහිර කරමින් සිරවී තිබු "" ever ගිවෙන් "" බහලුම් ප්‍රවාහන නෞකව මුඩ ගෙනෙ : foreign media",suez ඒල අවහිර කරමින් සිරවී තිබු ""ever given"" බහලුම් ප්‍රවාහන නෞකව මුඩ ගෙනෙ : foreign media,"suez ඇල අවහිර කරමින් සිරවී තිබූ ""ever given"" බහාලුම් ප්‍රවාහන නෞකාව මුදා ගැනේ: foreign media"
aflatoxins adangu bawata wu pramithiyen thora polthel thogawala sampala 2 wana thathwa parikshanayenuth asamath wei-sl pramithi ayathanaye adyaksha general,අfලටොxඉන්ස් අඩඟු බවට වු ප්‍රමිතියෙන් තොර පොල්තෙල් තොගවල සම්පල 2 වන තත්ව පරික්ශනයෙනුත් අසමත් වෙඉ - ස්ල් ප්‍රමිති අයතනයෙ අධ්‍යක්ෂ general,අfලටොxඉන්ස් අඩඟු බවට වු ප්‍රමිතියෙන් තොර පොල්තෙල් තරගවල සාම්පල 2 වන තත්ව පරික්ශනයෙනුත් අසමත් වෙයි - ස්ල් ප්‍රමිති ආයතනය අධ්‍යක්ෂ general,Afloxins අඩංගු බවට වූ ප්‍රමිතියෙන් තොර පොල්තෙල්  තොග වල සම්පල් 2 වන තත්ව පරීක්ෂණයෙන් අසමත් වේ-SL ප්‍රමිති ආයතනයේ අධ්‍යක්ෂ general
induneesiyawe vishalathama thel piripahadu madyasthanayaka ginnak. eya medapawathweemata meheyum kriyathmakai- vides maadya,ඉඳුනීසියවෙ විශලතම තෙල් පිරිපහඩු මඩ්යස්තනයක ගින්නක් . එය මෙඩපවත්වීමට මෙහෙයුම් ක්‍රියත්මකඉ - විඩෙස් මාධ්‍ය,ඉඳුනීසියවෙ විශාලතම තෙල් පිරිපහදු මඩ්යස්තනයක ගින්නක් . එය මෙඩපවත්වීමට මෙහෙයුම් ක්‍රියත්මකඉ - විදෙස් මාධ්‍ය,ඉන්දුනීසියාවේ විශාලතම තෙල් පිරිපහදු මධ්‍යස්ථානය ක  ගින්නත්. එය මැද පැවැත්වීමට මෙහෙයුම් ක්‍රියාත්මකයි- විදෙස් මාධ්‍ය
suez ala maargaya awahira karamin pasugiya agaharuwada sita sira wee thibuu bahalum pravahana naukawa muda ganne,සුඑz අල මාර්ගය අවහිර කරමින් පසුගිය අගහරුවඩ සිට සිර වී තිබූ බහලුම් ප්‍රවහන නෞකව මුඩ ගන්නෙ,සුඑz ඇළ මාර්ගය අවහිර කරමින් පසුගිය අගහරුවඩ සිට සිර වී තිබූ බහලුම් ප්‍රවහන නෞකව මුඩ ගැනේ,සූවස් ඇල ඇළ මාර්ගය අවහිර කරමින් පසුගිය අඟහරුවාදා සිට සිරවී තිබූ බහාලුම් ප්‍රවාහන නෞකාව මුදා ගැනේ
sathiyakata asanna kalayak suez aela margaye sirawi thibu dawentha bahalum prawahana nawkawa muda gene wides madya.,සතියකට අසන්න කලයක් සුඑz අඑල මර්ගයෙ සිරවි තිබු ඩවෙන්ත බහලුම් ප්‍රවහන නව්කව මුඩ ගෙනෙ  විඩෙස් මඩ්ය .,සතියකට අන්න කලක් සුඑz අඑල මර්ගයෙ සිරවී තිබු ඩවෙන්ත බහලුම් ප්‍රවහන නව්කව මුඩ ගෙනෙ  විදෙස් මඩ්ය .,සතියක ආසන්න කාලයක් සූවස් ඇළ මාර්ගයේ මාර්ගයෙහි සිරවී තිබූ දැවැන්ත ප්‍රවාහන  බහළුම් නෞකාව මුදා ගැනේ-විදෙස් මාධ්‍ය
basnahira palathe kriyathmaka kala wishesha meheyumakin warenthukaruwan 418k ethulu sekakaruwan 1120k athadanguwata police,බස්නහිර පලතෙ ක්‍රියත්මක කල විශේෂ මෙහෙයුමකින් වරෙන්තුකරුවන් 418ක් එතුලු සෙකකරුවන් 1120ක් අත්අඩංගුවට  police,බස්නාහිර පලතෙ ක්‍රියත්මක කල විශේෂ මෙහෙයුමක් වරෙන්තුකරුවන් 418ක් ඇතුළු සැකකරුවන් 1120ක් අත්අඩංගුවට  police,බස්නාහිර පළාතේ ක්‍රියාත්මක කළ විශේෂ මෙහෙයුමකින් වරෙන්තුකරුවන් 418 ක් ඇතුළු සැකකරුවන් 1120ක් අත්අඩංගුවට police
covid-19 asaditha marana 02 k wartha weemath samaga merata samastha marana ganana 561 dakwa ihalata - saukya amathyanshaya,covid - 19 අසඩිත මරන 02 ක් වාර්තා වීමත් සමග මෙරට සමස්ත මරන ගනන 561 දක්වා ඉහලට - සෞඛ්‍ය අමත්යන්ශය,covid - 19 අසිත මරණ 02 ක් වාර්තා වීමත් සමග මෙරට සමස්ත මරණ ගණන 561 දක්වා ඉහලට - සෞඛ්‍ය අමත්යන්ශය,Covid 19 ආසාදිත මරණ 2ක් වාර්තා වීමත් සමග මෙරට සමස්ත මරණ ගණන 568 දක්වා  ඉහලට.: සෞඛ්‍ය අමාත්‍යංශය
update: thawath covid-19 asadithayin 69 deneku haduna ganne.ada meratin wartha wu asadithayin ganana 237 dakwa ihalata - yuda hamudapathi,update : තවත් covid - 19 අසඩිතයින් 69 ඩෙනෙකු හඳුනා ගන්නෙ . අඩ මෙරටින් වාර්තා වු අසඩිතයින් ගනන 237 දක්වා ඉහලට - යුඩ හමුඩපති,update : තවත් covid - 19 ආසාදිතයින් 69 දෙනෙකු හඳුනා ගැනේ . අද මෙරටින් වාර්තා වු ආසාදිතයින් ගණන 237 දක්වා ඉහලට - යුද හමුදාපති,Update  covid-19 ආසාදිතයින් 69 දෙනෙකු හඳුනා ගැනේ අද මෙරටින් වාර්තා වූ ආසාධිතයිදිතයින් ගණන 237 දක්වා ඉහළට - යුද හමුදාපති
thawath corona marana 02k wartha wei. marana sankiyawa 561k dakwa ihalata. - sawkya sewa adyaksha genaral,තවත් කොරෝනා මරන 02ක් වාර්තා වෙඉ . මරන සන්කියව 561ක් දක්වා ඉහලට . - සෞඛ්‍ය සෙව අධ්‍යක්ෂ genaral,තවත් කොරෝනා මරණ 02ක් වාර්තා වෙයි . මරණ සන්කියව 561ක් දක්වා ඉහලට . - සෞඛ්‍ය සෙව අධ්‍යක්ෂ genaral,තවත් කොරෝනා මරණ 2ක් වාර්තා වෙයි මරණ සංඛ්‍යාව 568 දක්වා ඉහළට - සෞඛ්‍ය සේවා අධ්‍යක්ෂ genaral
"rs. milliona 16.3 watina wideshiya dumweti 272,000k samaga sekakaruwek maligawattedi athadanguwata. - police","ර්ස් . මිල්ලිඔන 16 . 3 වටින විඩෙශිය ඩුම්වෙටි 272 , 000ක් සමග සෙකකරුවෙක් මලිගවට්ටෙඩි අත්අඩංගුවට . - police","ර්ස් . මිල්ලිඔන 16 . 3 වටින විදේශීය ඩුම්වෙටි 272 , 000ක් සමග සැකකරුවෙකු මලිගවට්ටෙඩි අත්අඩංගුවට . - police",රුපියල් මිලියන 16.3 වටිනා විදේශීය දුම්වැටි 272000ක්සමග සැකකරුවෙක් මාලිගාවත්තේ දී අත්අඩංගුවට police
thawath corona asadithin 168k haduna gene. - rajye prawurthi departhamenthuwa,තවත් කොරෝනා අසඩිතින් 168ක් හඳුනා ගෙනෙ . - රජ්යෙ ප්‍රවෘත්ති දෙපාර්තමේන්තුව,තවත් කොරෝනා ආසාදිතයින් 168ක් හඳුනා ගෙනෙ . - රජ්යෙ ප්‍රවෘත්ති දෙපාර්තමේන්තුව,තවත් කොරෝනා ආසාදිතයින් 168ක් හඳුනා ගැනගැනේ රජයේ ප්‍රවෘත්ති දෙපාර්තමේන්තුව
